[
    {
        "name": "Master Steel Dagger",
        "required_smithing_level": 4,
        "SK": 10,
        "ingredients": [
            {
                "name": "Boar Hide",
                "count": "8"
            },
            {
                "name": "Wolf Hide",
                "count": "6"
            },
            {
                "name": "Iron Ingot",
                "count": "10"
            },
            {
                "name": "Copper Ingot",
                "count": "10"
            }
        ]
    },
    {
        "name": "Master Steel Dagger MkII",
        "required_smithing_level": 6,
        "SK": 13,
        "ingredients": [
            {
                "name": "Copper Ingot",
                "count": "5"
            },
            {
                "name": "Boar Hide",
                "count": "4"
            },
            {
                "name": "Iron Ingot",
                "count": "5"
            },
            {
                "name": "Master Steel Dagger",
                "count": "1"
            },
            {
                "name": "Wolf Hide",
                "count": "3"
            }
        ]
    },
    {
        "name": "Corruption Carver",
        "required_smithing_level": 6,
        "SK": 20,
        "ingredients": [
            {
                "name": "Iron Dagger",
                "count": "1"
            },
            {
                "name": "Copper Ingot",
                "count": "2"
            },
            {
                "name": "Corruption Slicer",
                "count": "1"
            }
        ]
    },
    {
        "name": "GrandMaster Steel Dagger MkII",
        "required_smithing_level": 8,
        "SK": 18,
        "ingredients": [
            {
                "name": "Copper Ingot",
                "count": "5"
            },
            {
                "name": "Boar Hide",
                "count": "3"
            },
            {
                "name": "Iron Ingot",
                "count": "6"
            },
            {
                "name": "GrandMaster Steel Dagger",
                "count": "1"
            },
            {
                "name": "Illfangs Tooth",
                "count": "1"
            }
        ]
    },
    {
        "name": "GrandMaster Steel Dagger MkIII",
        "required_smithing_level": 10,
        "SK": 35,
        "ingredients": [
            {
                "name": "Copper Ingot",
                "count": "8"
            },
            {
                "name": "Boar Hide",
                "count": "6"
            },
            {
                "name": "Iron Ingot",
                "count": "8"
            },
            {
                "name": "GrandMaster Steel Dagger MkII",
                "count": "1"
            },
            {
                "name": "Illfangs Tooth",
                "count": "1"
            }
        ]
    },
    {
        "name": "Malachite Dagger",
        "required_smithing_level": 15,
        "SK": 55,
        "ingredients": [
            {
                "name": "Malachite Ingot",
                "count": "20"
            },
            {
                "name": "Wolf Hide",
                "count": "10"
            },
            {
                "name": "Corundum Ingot",
                "count": "20"
            },
            {
                "name": "Lord Slugs Slime",
                "count": "1"
            }
        ]
    },
    {
        "name": "Sandstorm Dagger",
        "required_smithing_level": 25,
        "SK": 75,
        "ingredients": [
            {
                "name": "Gold Ingot",
                "count": "20"
            },
            {
                "name": "Malachite Ingot",
                "count": "15"
            },
            {
                "name": "Corundum Ingot",
                "count": "15"
            },
            {
                "name": "Stallords Eye",
                "count": "1"
            }
        ]
    },
    {
        "name": "Permafrost Dagger",
        "required_smithing_level": 35,
        "SK": 95,
        "ingredients": [
            {
                "name": "Xrphans Feather",
                "count": "1"
            },
            {
                "name": "Silver Ingot",
                "count": "20"
            },
            {
                "name": "Bourne Ingot",
                "count": "20"
            }
        ]
    },
    {
        "name": "Demonic Dagger",
        "required_smithing_level": 45,
        "SK": 115,
        "ingredients": [
            {
                "name": "Demonite Ingot",
                "count": "20"
            },
            {
                "name": "Wolf Hide",
                "count": "20"
            },
            {
                "name": "Uakmaroths Horn",
                "count": "1"
            }
        ]
    },
    {
        "name": "Ancient Assassin",
        "required_smithing_level": 55,
        "SK": 135,
        "ingredients": [
            {
                "name": "Mossy Ingot",
                "count": "25"
            },
            {
                "name": "Holy Silver Ingot",
                "count": "20"
            },
            {
                "name": "Plasma Extract",
                "count": "1"
            }
        ]
    },
    {
        "name": "Corroded Shank",
        "required_smithing_level": 65,
        "SK": 155,
        "ingredients": [
            {
                "name": "Reinforced Bone",
                "count": "45"
            },
            {
                "name": "Ebony Ingot",
                "count": "20"
            },
            {
                "name": "Petrified Skull",
                "count": "1"
            }
        ]
    },
    {
        "name": "Apocalyptic Bringer",
        "required_smithing_level": 80,
        "SK": 175,
        "ingredients": [
            {
                "name": "Reinforced Coral",
                "count": "25"
            },
            {
                "name": "Sea Jewel",
                "count": "25"
            },
            {
                "name": "Scale",
                "count": "5"
            },
            {
                "name": "Krakens Beak",
                "count": "1"
            }
        ]
    },
    {
        "name": "Forest Assassin",
        "required_smithing_level": 95,
        "SK": 200,
        "ingredients": [
            {
                "name": "Moons Light",
                "count": "1"
            },
            {
                "name": "Refined Gem",
                "count": "5"
            },
            {
                "name": "Slayers Brew",
                "count": "1"
            }
        ]
    },
    {
        "name": "Thiefs Blade",
        "required_smithing_level": 105,
        "SK": 215,
        "ingredients": [
            {
                "name": "Corruption Tendrils",
                "count": "20"
            },
            {
                "name": "Harrowed Ingots",
                "count": "20"
            },
            {
                "name": "Kings Crown",
                "count": "1"
            },
            {
                "name": "Impurity",
                "count": "1"
            }
        ]
    },
    {
        "name": "Floral Dagger",
        "required_smithing_level": 115,
        "SK": 235,
        "ingredients": [
            {
                "name": "Plant Matter Ingot",
                "count": "25"
            },
            {
                "name": "Holy Silver Ingot",
                "count": "10"
            },
            {
                "name": "Refined Gem",
                "count": "20"
            },
            {
                "name": "Queens Vine",
                "count": "1"
            },
            {
                "name": "Oak Wood",
                "count": "1"
            }
        ]
    },
    {
        "name": "Anguish Carver",
        "required_smithing_level": 120,
        "SK": 220,
        "ingredients": [
            {
                "name": "Holy Silver Ingot",
                "count": "15"
            },
            {
                "name": "Bourne Ingot",
                "count": "30"
            },
            {
                "name": "Illfangs Tooth",
                "count": "1"
            },
            {
                "name": "Stallords Eye",
                "count": "1"
            },
            {
                "name": "Monks Sash",
                "count": "1"
            },
            {
                "name": "Moons Light",
                "count": "1"
            }
        ]
    },
    {
        "name": "Blessed Dagger",
        "required_smithing_level": 125,
        "SK": 260,
        "ingredients": [
            {
                "name": "Iron Dagger",
                "count": "1"
            },
            {
                "name": "Dark Energy",
                "count": "1"
            },
            {
                "name": "Blessed Blade",
                "count": "1"
            }
        ]
    },
    {
        "name": "Gigas Grinder",
        "required_smithing_level": 42,
        "SK": 280,
        "ingredients": [
            {
                "name": "Alloy Smithing Plate",
                "count": "1"
            },
            {
                "name": "Crystaline Smithing Plate",
                "count": "1"
            },
            {
                "name": "Angelic Smithing Plate",
                "count": "1"
            },
            {
                "name": "Gigas Blessed Branch",
                "count": "1"
            }
        ]
    },
    {
        "name": "Sour Lemon Stabber",
        "required_smithing_level": 165,
        "SK": 335,
        "ingredients": [
            {
                "name": "Pure Candy",
                "count": "25"
            },
            {
                "name": "Heavenly Ingot",
                "count": "5"
            },
            {
                "name": "Necromancer Brew",
                "count": "1"
            },
            {
                "name": "Die Vergangenheit",
                "count": "1"
            }
        ]
    },
    {
        "name": "Katherines Dagger",
        "required_smithing_level": 180,
        "SK": 340,
        "ingredients": [
            {
                "name": "Slayers Brew",
                "count": "8"
            },
            {
                "name": "Slayers Essence",
                "count": "8"
            },
            {
                "name": "Obsidibite",
                "count": "6"
            },
            {
                "name": "Moons Light",
                "count": "2"
            },
            {
                "name": "Illfangs Shield",
                "count": "2"
            },
            {
                "name": "Pharaohs Edge",
                "count": "2"
            },
            {
                "name": "Tourmaline Edge",
                "count": "3"
            },
            {
                "name": "Molten Thief",
                "count": "3"
            },
            {
                "name": "Apocalyptic Bringer",
                "count": "1"
            },
            {
                "name": "Bourne Ingot",
                "count": "30"
            },
            {
                "name": "Demonite Ingot",
                "count": "40"
            },
            {
                "name": "Gold Ingot",
                "count": "40"
            },
            {
                "name": "Silver Ingot",
                "count": "40"
            },
            {
                "name": "Gigas Blessed Branch",
                "count": "1"
            }
        ]
    },
    {
        "name": "Null Fang",
        "required_smithing_level": 190,
        "SK": 375,
        "ingredients": [
            {
                "name": "Red Visor Fragment",
                "count": "16"
            },
            {
                "name": "Encrypted Data Chip",
                "count": "15"
            },
            {
                "name": "Wraith Bone Shard",
                "count": "1"
            },
            {
                "name": "Necromancer Brew",
                "count": "4"
            },
            {
                "name": "Slayers Essence",
                "count": "4"
            },
            {
                "name": "Slayers Brew",
                "count": "4"
            },
            {
                "name": "Impurity",
                "count": "5"
            },
            {
                "name": "Refined Obsidium",
                "count": "10"
            },
            {
                "name": "Black Tag",
                "count": "12"
            },
            {
                "name": "Legacy Core",
                "count": "12"
            },
            {
                "name": "Failshard",
                "count": "1"
            },
            {
                "name": "Catchblade",
                "count": "1"
            },
            {
                "name": "Box Cutter",
                "count": "1"
            },
            {
                "name": "Cats Approval",
                "count": "1"
            }
        ]
    },
    {
        "name": "Silence",
        "required_smithing_level": 195,
        "SK": 395,
        "ingredients": [
            {
                "name": "Necromancer Brew",
                "count": "4"
            },
            {
                "name": "Slayers Essence",
                "count": "4"
            },
            {
                "name": "Slayers Brew",
                "count": "4"
            },
            {
                "name": "Impurity",
                "count": "5"
            },
            {
                "name": "Refined Obsidium",
                "count": "15"
            },
            {
                "name": "Gigas Blessed Branch",
                "count": "1"
            },
            {
                "name": "Black Tag",
                "count": "15"
            },
            {
                "name": "Legacy Core",
                "count": "15"
            },
            {
                "name": "Null Fang",
                "count": "1"
            },
            {
                "name": "Failshard",
                "count": "1"
            },
            {
                "name": "Catchblade",
                "count": "1"
            },
            {
                "name": "Box Cutter",
                "count": "1"
            },
            {
                "name": "Obsidian Core",
                "count": "15"
            }
        ]
    }
]